steps,calories_burned,distance_km,active_minutes,sleep_hours,heart_rate_avg,calories_per_step
14780440,2754520.9,9908.35,710709,6.0308,115.308,0.8084122250679098
14947645,2718386.2,10001.94,727211,6.1983999999999995,116.895,0.6364535913586572
15179052,2743297.17,9956.44,719131,5.9822,115.278,0.8929959956957234
15358677,2713733.28,9955.26,734053,6.1319,113.74,0.7378582609651438
15521121,2750760.54,10179.08,729313,5.854100000000001,115.8,0.6609484255784924
14934859,2737857.38,9971.99,712683,6.0737,114.369,1.0056930301724456
15472829,2784093.33,10024.85,728254,5.832199999999999,117.393,1.0512521348707606
15318023,2727562.23,9507.59,721284,6.033,116.516,1.2496580986413948
14761279,2754821.45,9894.09,715333,5.8424,117.017,0.6499648722940841
14849830,2728588.45,9800.36,742416,5.9741,116.367,0.9610163460207123
15428038,2801311.55,10033.3,721770,5.966600000000001,117.646,0.7871581439820559
15035446,2713318.78,10464.27,705873,6.014,115.982,0.6443255383401756
15030468,2722204.47,10134.23,703154,5.8056,115.162,1.4802767142717288
15246147,2723189.65,10171.04,725123,6.1909,115.398,0.7646018484919186
15224112,2756349.31,10030.56,709163,6.0715,114.83,3.7655314430532587
15398844,2723958.03,10089.59,723375,5.885,117.247,0.6083770093993333
14570811,2771608.13,10295.0,719342,6.023899999999999,114.95,0.6534900304902135
15149539,2744613.26,9800.39,717520,6.048,115.81,0.6623829370064194
14738079,2765728.77,10223.01,709893,6.043399999999999,116.508,0.5419515445090626
14995463,2778579.49,9747.2,698716,5.8436,115.405,0.6579598715951104
14935267,2756138.95,9943.17,732419,6.201899999999999,117.059,0.5998731058763036
14560410,2753631.21,9793.45,729397,5.8555,115.842,0.7283181692991262
14584122,2749807.8,10071.45,727071,5.818899999999999,116.036,0.9274004426836456
14985198,2772753.89,9948.83,707193,6.0112,116.605,2.529356513613865
14739453,2760170.91,10113.94,721200,6.0072,115.831,0.8254313810687518
15040641,2729115.45,9889.21,711210,5.8724,115.329,0.8683297916149512
15339913,2741699.78,10000.78,734811,5.973199999999999,116.22,0.533510161015156
14899492,2756856.66,10051.87,718162,6.1068,115.536,0.691707648095273
15062408,2712988.1,10309.99,696021,6.014,115.125,0.7575570724750734
15147527,2797666.23,10129.15,728758,5.9116,116.788,0.8522095982649498
14590792,2789494.58,10187.13,753797,6.101100000000001,116.066,0.651318831163723
15621566,2770450.78,9815.68,725771,5.8765,113.6,1.9410292594378789
15171443,2752699.03,9863.86,720664,5.9603,116.064,0.6529435916607625
15482963,2748371.66,10156.92,721352,5.9838000000000005,115.774,1.066162117122779
15240654,2733549.06,10067.69,749982,5.9375,115.6,1.3563124453853204
14510440,2766596.67,10025.77,722961,6.0873,115.652,0.8945922758838196
15067470,2748736.72,9987.87,730654,5.9497,116.508,0.8276071305449215
14822797,2718537.7,10032.13,714953,6.0314,115.19,0.7318612778100905
14686634,2725412.51,9923.11,720868,6.097300000000001,115.821,0.6504114954418387
15218600,2776116.09,9397.47,712970,5.9868999999999994,116.868,1.0944267632743354
15153490,2762793.92,9804.96,734131,6.0931999999999995,114.492,1.650843439502423
15068066,2765637.31,10092.49,722825,5.9361999999999995,116.1,0.8357937241616129
15557743,2758043.55,10262.84,722078,6.0593,116.115,0.5124141755003128
15082864,2718320.37,10083.21,719890,6.043399999999999,116.0,1.0462281935016071
14921497,2757334.28,9719.12,719273,6.072100000000001,115.198,0.5376680179982184
14618453,2735691.09,10239.11,721355,6.040100000000001,116.374,0.6893570288181161
14822685,2724968.96,9842.3,694577,6.077100000000001,117.212,1.1167258391990722
14776533,2766177.24,9930.51,701655,6.0796,115.796,0.9890668832128306
15308655,2764325.88,9884.35,713728,6.0006,117.388,0.8110918169115165
14851626,2733395.68,10140.16,723777,6.0276000000000005,115.315,1.0125997194118894
15113233,2746297.21,10056.79,716422,5.9443,117.384,0.6653840598469589
14944877,2762260.07,10033.4,701333,5.7703999999999995,115.509,0.8281888399009456
15355471,2750472.57,9825.14,717581,6.109100000000001,116.882,0.7259330017876331
14997827,2734429.33,9713.42,742532,5.878100000000001,114.956,0.48224320856096103
15313525,2742375.29,9978.5,731479,5.8199,116.938,0.6122843762840479
14934306,2765868.29,10010.82,683798,6.0296,116.101,1.0312932640800505
15097374,2774471.48,10053.52,738273,5.9846,113.889,0.8602705185028167
15368795,2761063.01,9952.22,703356,5.8775,116.517,0.6559094121240912
14960743,2786051.93,10341.61,736382,5.9868999999999994,115.225,0.9317437290198892
15179045,2748813.29,10299.73,735033,5.9622,116.503,0.6354011615317966
14802327,2752447.07,9783.81,711838,5.9567,117.02,0.8205086597593984
14568310,2765033.84,9882.82,720916,6.0483,116.015,0.7454841378221776
15065152,2762738.03,9931.94,716704,5.9458,115.962,0.8479460283285605
15507759,2763208.79,9762.75,716225,6.0,116.231,0.5344282220163514
15316970,2751291.37,9757.12,717777,6.0087,115.029,0.7613261983608399
15144055,2700270.63,10103.34,715850,6.134,115.54,2.0807066765891715
15074950,2776792.94,10092.57,723667,6.0537,115.638,0.5610577679697271
14871424,2749157.36,10028.82,725315,6.2142,115.174,0.6509424772811256
15093423,2730407.36,9856.49,730847,6.0558000000000005,115.559,inf
15483838,2741269.52,9506.54,724226,5.9052,114.931,3.8928425866585585
15137829,2738751.57,10055.52,723446,5.9334,115.678,1.350305637009576
14820739,2747447.33,10054.09,717219,6.0428999999999995,116.193,0.9874382168608213
15419021,2742587.29,9854.66,714135,5.910100000000001,115.446,0.6914276689819362
14622190,2702231.53,9842.09,726470,6.1115,115.001,0.5889036938372174
15195904,2731788.66,9875.41,700973,6.107,116.613,0.7231262061751006
14908082,2757524.96,9832.95,722359,6.122,114.714,0.61249324474343
14974776,2767673.11,10386.09,704451,5.9627,116.79,0.6269079540014868
14713477,2737766.29,9805.97,741662,5.934699999999999,115.898,0.5551449720016648
15129903,2706739.07,10327.84,722997,6.0622,117.4,0.5879420040810002
14757484,2745401.18,10110.32,713653,6.072100000000001,114.521,1.4846034692503394
15073201,2728520.54,9965.87,715174,5.7616000000000005,117.278,0.6560395667553857
14876320,2794957.75,9933.61,733735,5.9585,116.376,0.8692878886223268
14879359,2753483.86,10214.45,722600,5.9634,115.361,0.6994425537669191
15072078,2745321.98,10191.4,714989,6.1352,113.158,1.9263759875309545
15128841,2730460.35,9916.62,720893,6.0637,116.978,1.1670786487334963
14956107,2775096.06,10133.84,731088,5.966600000000001,115.021,3.103353773483716
14908830,2727403.22,10054.48,712098,5.8936,115.331,0.6332779145051085
15488056,2736672.82,9959.84,738852,5.9416,116.56,0.7651926925511959
14916418,2761397.56,9966.88,721699,6.007,114.98,0.5348561350662859
15366483,2762491.69,9943.67,698375,6.1268,115.86,0.714124743772266
15059263,2745355.72,9630.03,724592,6.0992,115.512,0.5717483206060323
14922756,2729759.95,10004.22,744184,6.072100000000001,115.583,0.8833308141672733
15192042,2756146.87,9651.98,695777,5.8425,115.747,0.8910945159860211
15291823,2768077.06,9952.21,743494,5.8902,116.554,0.583795238685725
15024270,2744678.19,10043.47,713882,6.1078,115.656,0.5318516028165021
14835951,2757486.21,9858.75,735906,5.9925,116.628,0.9019128654603761
15103428,2769662.21,9767.01,721789,6.0135,115.433,0.8486652307071092
14879916,2771885.64,9907.72,712490,5.958699999999999,117.411,3.5394802453678693
15046544,2755343.31,9977.1,677897,6.0021,115.898,0.6330291497776328
14934066,2750310.45,10233.74,722710,6.028,115.628,0.8833969225123453
14980609,2761909.93,9781.25,722309,6.1553,115.423,0.5903190629982427
15285798,2701656.48,9813.52,754132,5.960100000000001,115.899,1.8708325942879114
15079848,2763997.65,10117.37,728062,6.0534,115.151,0.5631278378694372
15235743,2779654.93,9813.99,732346,6.1178,116.969,0.7371710828631258
15167833,2720089.08,9724.54,717037,5.9868999999999994,115.425,1.353251755905749
15047928,2776573.89,9869.94,716598,5.9622,117.033,0.9465295637035579
15188520,2732602.48,9664.1,735551,5.88,115.926,1.507359028383417
14858924,2785474.44,9899.5,725251,5.6612,117.081,1.2189345786673365
14959410,2733775.2,9956.4,733174,5.9049,115.433,0.7240471292907652
15645808,2727140.86,10239.96,720595,6.0346,115.177,0.5357311624155368
14967291,2746295.63,9947.56,739711,6.2368999999999994,115.573,0.6032357730069965
15250658,2753430.51,9818.32,720583,5.858899999999999,115.668,0.689925501705046
15156704,2747239.71,9913.12,734563,6.0324,116.464,1.8650821851979513
15050524,2777105.07,10126.29,699834,6.0521,115.615,1.3031019330565234
15242250,2763758.86,10084.26,724460,6.1202,116.347,0.6472736235924078
15092378,2720456.39,10024.15,729834,6.1318,115.514,0.6456079752506332
14869757,2808660.94,9803.86,692261,5.8469,115.656,1.6366249744842842
15460719,2725979.71,10189.53,715723,5.8495,117.124,0.5612433712889016
15403577,2752653.35,9663.18,718643,6.019,116.802,0.599501483858549
14818371,2792351.39,10095.4,708073,5.9715,116.335,0.6879625816867414
15159767,2715903.48,9970.47,683714,6.1556999999999995,116.663,0.6571684339667718
15193983,2747790.57,9873.68,730272,6.3259,116.453,0.7610350844335247
14920982,2730868.52,10199.98,704248,5.727600000000001,116.304,0.7084602661884716
15156884,2767865.48,9556.9,710626,6.0451999999999995,115.757,0.7172474238691214
15117425,2704646.0,10158.05,724527,6.079,115.505,1.2473706205535973
14937461,2742280.84,9575.32,721887,6.012899999999999,115.784,0.7395280968535385
14953103,2743551.68,10042.99,724820,5.9447,115.745,0.5920124920396611
15114759,2754178.81,10103.93,695820,5.9188,117.692,0.8006501545449967
15291779,2739284.7,10111.48,728648,6.1165,115.365,0.6063002390204013
15148777,2698042.96,10177.73,707837,5.8353,114.413,0.5126751712540917
14634980,2746201.5,9820.51,719428,5.9308000000000005,113.942,1.1122567292058607
15012613,2741723.19,10079.45,701164,5.9136999999999995,114.973,0.8337713471523163
15227932,2763218.39,9865.94,698677,6.169899999999999,116.86,0.5574506854425673
14952736,2729107.32,9739.19,736490,5.9723999999999995,114.435,0.6593733898373028
14737229,2738546.67,9845.54,719379,6.0937,116.943,0.6686122549077474
14777269,2768281.16,9703.65,719667,6.0116000000000005,115.219,0.7281029977047734
14934110,2732172.22,9875.77,718600,5.8999,115.565,0.6740029617589058
15378116,2758283.17,10140.68,710218,5.9451,115.314,1.7527469979492594
15027641,2710820.25,10149.02,730785,5.834899999999999,115.599,1.5439323476161337
14756481,2757680.86,10101.19,719058,5.969,114.483,0.7149732033093827
14874452,2760675.05,10051.55,729421,5.864199999999999,115.842,0.6146863410527276
15099333,2718038.66,10178.67,703994,6.1185,117.382,1.134567241846327
15106449,2694804.7,9826.65,719455,6.0616,116.54,2.3174427066259624
14655289,2738023.52,10127.24,697358,6.1432,116.359,1.2748248020408104
15088756,2720150.07,9986.49,722198,5.988,117.245,0.6662364015770009
14760761,2723078.64,9897.92,708525,6.0115,115.198,1.5865418200273722
14756477,2724179.59,9715.08,731524,6.0727,116.212,0.7641136282279362
14503534,2786938.66,9798.27,745611,5.8658,115.565,1.3387466443109668
15131548,2767325.04,9889.37,710676,6.1352,116.151,3.3143554918946947
14780863,2706508.87,9709.12,727145,6.1645,116.214,0.8635325019730168
15113380,2731917.85,9899.22,714262,6.3016000000000005,116.166,0.6138393814923262
14551691,2747088.38,10214.77,736004,6.2692,116.566,0.729031985263014
14657791,2765501.47,10137.2,721062,5.9193999999999996,115.34,0.962945616519713
14946424,2740970.88,10041.87,733367,6.095899999999999,118.074,3.8795869570123793
14734140,2751127.06,10079.2,725345,5.9535,116.204,0.6103654815986017
15385556,2734847.79,9702.32,722043,6.168,115.599,0.6919610320016403
14858100,2777749.87,10099.54,712217,6.0133,115.512,0.754226401025985
15080803,2749705.77,9750.07,703792,5.971100000000001,117.623,0.7678247846842539
14612951,2744554.3,10125.39,731222,6.117,114.904,0.5794038653276784
14908564,2744205.54,9864.66,699941,5.8985,114.879,1.4681641920202864
14665767,2751507.41,10224.26,738996,6.083699999999999,114.658,0.6171999287360216
15209004,2760323.49,10089.56,736074,6.0542,116.312,inf
14891960,2786227.92,9837.51,715153,6.123,115.59,1.427403704577817
14713115,2752702.31,10192.84,725939,6.0964,116.99,0.7501617059017675
14591711,2720951.75,10197.48,720785,5.9735,115.198,0.8237906836292946
14994325,2711470.45,10267.97,727402,5.7717,115.828,0.7522617914985079
15366406,2736782.23,9935.93,714130,6.062399999999999,115.692,1.001126233972715
14895422,2755639.52,10160.14,699481,5.9413,115.459,0.8192097434265216
15073194,2771022.49,9685.66,698696,6.0783000000000005,114.289,0.7772280571693719
14986852,2746677.02,9622.95,713706,6.038600000000001,115.332,0.6961922854407444
15010326,2737958.27,9966.91,703830,5.9514,115.264,0.5808504713928091
14630373,2747041.95,9814.85,705427,5.9921999999999995,116.087,0.7214835823500515
15046682,2687778.39,10061.09,700170,6.0055,114.687,0.5844946815463963
15144268,2759106.79,9945.38,724520,5.9693000000000005,115.832,0.7039885413797581
14450259,2764100.7,9986.57,736414,6.0066999999999995,114.309,0.9678990284541573
14754751,2741295.12,10071.56,725737,5.907,115.18,0.6567272344274401
14426610,2725951.13,10016.06,704155,6.0477,115.548,1.4239206957043213
14831229,2737162.13,10273.39,702899,6.1138,116.694,0.6897658898434387
14625944,2775482.9,9870.86,726520,5.9795,116.626,1.2864467355453815
14772740,2700295.58,9636.57,705891,6.144,116.368,2.832587497048083
15158817,2784651.63,10064.35,737543,6.0965,115.321,0.5181479824936621
14797678,2754127.42,9874.52,728987,5.9381,116.267,1.30334096504338
14742757,2727724.57,10047.89,740163,6.1487,115.269,0.848962837305316
15053749,2744791.06,9908.87,709613,6.04,115.799,0.5725315385698034
15206848,2753888.22,9825.0,705470,5.940600000000001,114.348,0.7394220621211198
14347302,2773954.76,10096.88,710887,5.8456,116.399,0.6236552743627096
14776839,2767755.84,10085.27,713304,5.9874,114.734,0.7244760297680134
15258397,2741501.75,9915.38,710978,5.911,115.018,0.5817625760038561
14579073,2739904.34,9684.79,730755,6.0468,116.042,0.6175691303738617
14678113,2750733.57,9829.66,725751,5.8241000000000005,116.955,0.5981508678495027
15591035,2761186.49,9745.22,695088,6.1431000000000004,114.883,0.558504563075636
15523143,2737087.01,10159.88,708941,5.951,115.347,0.5023137125577738
15065563,2765740.17,10078.42,712005,6.1243,112.957,0.8468865939130428
14888192,2704425.72,9947.43,700221,6.0366,117.299,0.8266179168752213
15119676,2784310.7,9929.71,708083,6.0255,117.062,0.647694160900442
15063251,2749059.32,10192.02,740164,5.8073999999999995,115.372,0.49436912199203087
15084095,2767926.6,10091.63,710401,5.912100000000001,114.955,0.6253253835221594
15241299,2726961.91,10328.18,732179,5.944,115.798,0.5590815358244706
15116686,2745066.87,9894.32,721196,5.9685,115.405,0.7808897437522933
15234316,2735924.31,9983.97,724081,5.7908,115.897,0.9546790913399211
14862255,2766643.53,10038.85,715680,5.7701,116.067,0.6072388934497099
15460287,2753973.35,9967.87,721305,5.9689,113.017,0.6903989485626703
14788572,2741151.28,9932.2,706070,5.886,115.284,0.75405302188454
14848302,2741310.92,10017.11,704541,5.9852,115.766,2.5586500926081666
14750927,2737187.61,10289.86,737733,5.9813,114.914,0.9810499873036165
14801199,2765867.47,9927.4,730758,6.232600000000001,115.227,inf
15408145,2730193.48,10076.23,744814,6.0636,115.388,0.6058677175899887
14800690,2764250.24,9794.17,719911,5.8671999999999995,116.106,0.8130369032984797
15016106,2745751.23,9912.5,735050,5.9381,115.953,1.1345120651464797
15022595,2748796.93,9683.77,749932,5.9208,116.018,0.8873572082022432
14871194,2764912.45,9855.68,720311,5.976100000000001,117.706,0.9341285773918303
14828945,2769435.42,9895.01,726778,6.0515,115.916,0.6469445535927661
15210195,2719257.38,10030.63,729339,5.7982,117.181,0.5453226164462206
14866471,2749411.65,10072.88,702319,6.0459,115.757,0.5403096704448725
15100660,2715525.29,9906.93,723911,6.0804,116.591,0.5441764568218231
14825352,2761537.95,9874.78,701756,6.1674,116.183,0.6931433995923783
14796049,2746166.57,9894.02,726372,6.107,117.255,0.5767061324658298
15002928,2740693.58,10136.9,717772,5.9352,116.884,0.7242386733855408
15325574,2728605.69,10024.03,728894,6.0335,115.738,0.7957118513172126
14865591,2759000.08,10028.87,701549,6.037,115.227,1.2561727242445535
14804639,2766814.62,9780.59,696731,6.0358,115.093,0.7001558263828654
14719307,2726471.88,9775.46,714493,6.035399999999999,117.31,0.6126409242766518
15133069,2772259.88,10007.41,710261,6.0156,116.626,0.5858880900029534
15215019,2784760.83,9853.79,721835,6.1643,116.767,1.3959053250014968
15046684,2765086.18,10136.67,711960,6.0441,115.144,0.9423067762954104
14566505,2755807.35,9936.06,732381,5.995,117.021,0.8500172087198989
14849057,2740439.88,9864.81,730905,6.0515,117.138,0.5370943818972448
14942818,2715638.5,9815.91,721089,6.0668999999999995,116.505,0.8571980502281034
15060901,2785669.35,10145.82,724475,5.972,117.771,0.6516610365710988
15328312,2757910.26,9767.04,699765,6.031,117.837,2.4032780545068655
14825311,2728569.61,10018.62,750570,6.1918999999999995,115.718,1.0368845379892178
14936608,2788320.79,9863.57,716640,5.8949,116.273,0.6640560388163229
14958485,2710964.75,10131.36,733159,6.1081,118.445,0.7038895020198551
15889751,2714913.5,10188.07,734551,6.021,115.326,3.241544179200245
14844013,2774108.01,10137.3,744454,6.0148,114.729,0.5489560107912556
15070038,2720833.52,10102.15,702744,6.0465,114.574,0.5693028202740075
15142379,2739432.31,9834.09,726931,6.0352,114.599,0.7048982878210974
14996932,2776817.68,9758.39,721091,5.979,114.274,0.5820917379364957
15416681,2757294.46,9831.66,721784,6.1233,115.468,0.7528950920867313
15040340,2750640.66,9806.74,729138,5.8477,114.866,0.6901628420076529
14678722,2751669.85,9750.1,716023,5.9601999999999995,114.921,0.597904219040586
15269897,2728022.39,10020.68,715431,5.9505,116.602,0.6866337695608451
15080287,2787950.01,9885.56,716380,5.8151,114.684,1.0705258451847806
14991903,2720507.68,9887.28,709837,5.9273,114.98,0.660274815247661
15153212,2723890.51,10316.65,700752,5.918100000000001,115.84,0.682279893772622
15283957,2784890.08,9580.32,714389,6.0472,116.848,0.8229883217583372
14890387,2777000.18,9991.69,722167,5.9423,116.151,0.5727621884619859
14757996,2780414.81,10019.1,727956,6.0101,114.671,0.8545976677053966
14832127,2750597.13,10127.83,732795,6.0675,116.545,0.8292898225779849
15231560,2757029.54,9962.8,706548,6.0126,114.524,inf
14897656,2754893.45,10170.28,736922,5.8629,116.814,0.7625653205385463
15640272,2754611.4,10245.3,739758,5.9422,114.814,0.531733481128859
15216825,2696182.33,10025.67,726454,6.0831,114.313,0.5205359670369628
14791799,2745667.88,9966.960000000001,729876,5.9852,116.043,inf
15120172,2754422.31,10314.13,708373,6.0546999999999995,116.234,1.3319609046494714
15324596,2748626.35,10036.5,705147,5.8964,116.546,2.7702607721802153
15712094,2765743.87,10152.19,721861,5.927899999999999,117.517,0.5299819775192942
14778674,2782116.92,9961.02,734005,6.138,115.318,1.7206435718495523
14552376,2727881.66,9977.54,733626,5.9959,115.461,0.6151350704366978
15330034,2756208.9,9917.97,707756,6.1451,116.549,0.5334415518950104
15447607,2769070.2,10055.68,710775,6.065,116.014,0.7140328228132999
15201731,2771038.91,10067.17,719283,6.0455,116.27,0.5030292284047679
15455570,2738431.57,10084.88,704483,5.8123000000000005,115.277,0.8409249150775808
15264257,2779350.31,9637.25,732635,6.06,117.151,0.6095709015282211
15233759,2754259.3,10246.39,710025,6.0507,115.056,1.2301785707534598
15051525,2743851.47,10029.63,731685,6.083600000000001,116.389,0.6205315849470557
15035828,2778777.45,9989.62,708563,5.9642,117.149,1.1378543872769173
15149441,2736447.57,9780.28,708882,5.8549,115.042,0.4558875879495085
14943367,2761929.73,9736.53,712884,5.981,114.986,0.9373595670530865
15359565,2774419.03,9947.24,716810,5.8652,115.736,0.6861080693343092
15364071,2731930.56,9985.24,748877,5.9578,118.004,0.7287642685929506
14748996,2783743.95,10054.79,704996,5.9035,115.778,0.5796119172123763
15001560,2744543.69,10137.84,708927,6.2424,115.136,inf
14900086,2777514.02,10158.88,706645,5.8791,115.882,0.7113557890830828
14428012,2697262.89,9857.23,731713,6.1005,115.534,1.0797995449284243
15127698,2728192.28,10368.26,719907,5.803100000000001,113.915,1.7920963904672182
15387114,2768431.69,10352.38,723199,6.0155,115.15,1.1856521933670638
14947648,2735510.03,9989.3,719814,5.969,114.414,0.6692901398069467
14555246,2756960.07,10017.15,706333,6.0595,115.981,1.017120844274871
14719184,2768726.83,10075.03,717167,6.0882,116.064,0.9153463615481248
14963369,2738571.05,10380.4,730218,5.7458,115.478,1.0386641463256354
15470237,2778942.33,10084.84,711677,6.0428999999999995,115.262,2.0719771925474104
14951362,2758720.73,9556.24,725797,6.1181,115.731,0.9964986533826438
15121512,2770983.12,9907.16,713983,5.9916,115.058,0.7437881066618905
15547477,2774842.49,10001.95,708786,5.9735,117.023,0.8548075704503649
15104431,2762447.81,9884.05,691076,6.224,116.341,1.650804213377132
15070807,2733013.98,10260.85,718975,5.9882,114.272,0.6369047344640064
14861163,2784075.31,9959.86,702406,5.9798,115.846,0.8352866804945476
14614496,2774382.83,9877.13,708412,5.8086,119.199,inf
15551061,2757556.73,9989.42,728788,5.9721,114.818,0.9821143538824206
15051598,2806295.88,10115.95,729186,5.8631,115.475,0.6892866018601814
15259116,2754846.53,10109.19,711865,5.8648,116.235,0.8638646196971329
15441801,2780723.84,9977.37,745621,5.9563999999999995,114.791,1.6190788470157007
15058281,2737906.24,9943.66,720186,5.9733,115.235,0.6607566608252786
15461473,2755890.77,10021.9,749147,5.9263,114.313,3.033366810073085
15128818,2767491.09,10067.62,701827,6.1025,115.546,0.6819631105395573
15263288,2773872.29,10273.6,717107,5.9455,115.629,1.1596856113001388
14929543,2788047.92,9937.460000000001,717676,6.0125,115.624,0.9572760455939032
15475849,2776180.66,9999.77,707432,6.010800000000001,114.832,0.4639619294295765
14806261,2724297.09,10026.72,723875,6.131,115.377,0.8372101346860408
15046099,2716902.11,10324.35,717165,6.0293,116.498,0.6924064347437469
14757007,2692564.87,9755.66,716427,5.990399999999999,115.094,0.7727134932711024
15225015,2740251.3,9952.97,702705,6.1241,116.341,0.6281509018361504
15121788,2734070.43,10132.77,736065,6.0685,114.653,1.099570023038993
14658633,2733555.33,10010.88,731517,5.9763,115.429,0.6182917997378317
15194144,2736363.07,10027.54,715049,5.968,117.287,0.8360490244860492
14893819,2738579.02,10017.39,732747,6.0152,114.943,4.63554885954413
14748153,2761896.74,9803.09,729330,5.9676,113.996,1.4374238763929292
14689144,2816970.91,9994.62,709086,5.9808,115.041,0.8147891400647773
14862814,2719302.25,10329.13,737082,5.9756,116.009,0.9101137968295732
14980966,2744587.57,9855.6,704717,6.168100000000001,115.966,0.6293407557657347
14882293,2801187.71,10107.98,724878,6.0028999999999995,115.558,0.5527165011087659
15220629,2737689.1,9969.16,707317,6.0536,114.543,0.6681580392099808
15171973,2741762.74,9994.62,698623,6.1204,115.965,1.9173863129127116
15165488,2771658.94,9854.88,723939,5.8447,116.501,1.181454296737449
15517201,2745922.55,10001.19,719590,5.941,116.847,0.5906377107128972
14843707,2749360.57,10137.64,726191,6.1313,116.215,0.8613852687822142
15519712,2759465.9,10194.98,704180,6.0104,116.363,0.5224181793979882
14602272,2734950.19,10054.71,732192,6.0999,116.446,0.8338618844192227
14952807,2787893.84,9800.26,734105,6.1285,115.606,1.0151208337765902
15279627,2744714.01,9863.17,707380,6.2054,116.866,0.9462493254371664
14902193,2764937.31,10032.94,722809,6.1007,116.679,0.9472537108760218
15313444,2731123.74,9925.77,698109,6.2535,116.546,1.0199221761895318
15159772,2732630.99,9881.48,740486,6.0004,114.597,0.4668476311109221
15166177,2745931.07,10176.85,719986,5.9289,115.765,2.4310394272187956
15073878,2734919.31,10258.88,727607,6.057600000000001,116.244,0.7808317437449254
15144861,2731462.87,10328.59,706315,5.9895,115.295,0.9131061142464415
14914198,2772055.23,10191.81,735621,5.8837,115.606,0.9367264420202778
14688310,2736897.64,9905.93,710192,6.024100000000001,113.405,0.9587921090374634
14590969,2698946.24,10061.31,702763,5.873,114.584,0.575875694850293
15123834,2724136.68,9983.87,722161,5.8237,114.757,1.7603468821096853
14757867,2761115.26,9819.2,721618,6.1712,116.126,0.6096685472978806
14700954,2727955.49,9964.11,719524,6.0511,115.701,0.9606471713111363
15155069,2769723.35,9966.82,717683,5.9337,116.796,0.5966070713178756
15320413,2726851.3,9861.51,697346,6.123399999999999,115.824,1.005624544386532
14769292,2742581.05,10341.71,710725,5.9357,117.69,1.1418614879115518
15708537,2772745.88,10010.29,729328,6.0911,114.72,0.5620638570205029
14857878,2745021.62,10287.35,711970,6.0313,114.219,0.9279660541590482
15156565,2763748.65,9943.55,707522,5.9554,115.028,0.7326089749601599
15069872,2769898.59,10025.99,722018,6.0003,115.163,0.5314309659081558
15685248,2700813.16,9646.24,737664,5.871,114.923,0.8594357848183354
15371615,2732289.61,10138.29,727973,6.084,116.434,0.5603557802017817
15132235,2735771.26,9765.96,719498,5.9196,113.561,0.590464444157133
15060407,2735645.77,9899.22,726603,6.0148,114.794,0.6062329671769348
14932018,2743919.47,10071.01,704952,5.9009,116.117,0.8927082033255643
14653589,2757219.35,10003.22,718533,5.9371,116.598,0.5706477276633728
14372385,2745743.93,10299.6,733486,5.9452,116.699,0.7275456332030054
15512665,2740547.16,10110.17,727491,5.8739,116.636,0.6458174605650621
14925567,2773739.25,9949.14,717036,5.9719,115.267,0.9685440238634366
14770150,2744970.58,10164.03,729420,6.0023,116.559,0.9347886077943046
14992287,2752303.15,10201.4,726628,6.1061000000000005,115.865,1.009081805891087
14437554,2754149.46,9941.31,727507,5.9303,114.48,1.18487097518879
15405083,2711416.36,9877.57,709742,6.0588,115.693,0.5738235532488193
15089859,2784110.84,10018.07,698792,5.908600000000001,115.045,0.6507103537143589
14767110,2792621.48,10192.11,719799,5.921399999999999,116.705,1.4013814364198187
14953613,2721149.79,9929.25,697077,5.8567,115.387,0.6990295420728758
14430710,2703715.69,9687.29,727418,6.069100000000001,116.98,1.0265864622090233
14802035,2750118.76,9948.46,724533,5.8419,115.06,1.2647609053973885
15025219,2729083.35,9803.58,729630,6.0138,114.585,0.9634910761866692
15170008,2744868.56,9845.38,733535,6.0312,116.094,0.7776735391409736
14984669,2728867.83,10119.0,736676,5.9958,115.198,1.2124857509628295
15063304,2766903.1,9733.02,723956,5.7732,115.484,0.8026790960559307
14490672,2743002.99,10210.0,749276,5.987100000000001,116.959,0.6880756498250891
15011179,2757600.12,9889.94,723752,6.0804,115.176,0.5170488811362293
15314712,2758740.38,9805.55,712243,5.9413,116.98,0.7042341665409247
15339447,2777691.69,9517.98,738697,5.8847,115.714,0.6407562985804112
15182785,2768937.63,9989.76,715266,6.1155,115.399,0.8790177696858426
15056610,2735913.27,10037.76,727057,6.0531999999999995,116.817,0.9892547917815687
14594252,2749924.78,10052.66,717635,6.081,115.996,0.6583553791815295
14772319,2765269.91,9847.23,703037,5.9757,115.823,0.8055971708890748
14748234,2727204.11,9819.47,723880,6.1706,116.16,0.6289585564651945
15286852,2718859.49,10260.5,725272,5.9663,115.947,0.7529042565002545
15143769,2738426.64,9945.06,735401,6.0847,115.472,1.0630374141485117
14644995,2735076.7,9861.88,718580,5.9713,115.15,0.6347032303111306
14638996,2749976.54,10204.03,690856,5.8305,116.221,1.5096192172709544
14871604,2744009.24,10042.26,713905,6.0219,116.458,1.3121225157607583
15068909,2743655.51,10419.96,733167,6.0355,115.623,0.7491403355107593
15032171,2743634.89,9994.58,709253,6.0258,114.445,0.7813904524004985
14944608,2758763.17,10048.66,713434,5.9663,116.099,3.0093208238507905
15129194,2768760.67,9972.49,689080,5.9558,117.24,1.074978878599057
15100213,2793548.51,10169.79,726668,5.9043,115.156,0.8389537426817048
15188741,2744909.08,10098.4,710218,6.1742,115.647,1.2090524338676791
14887883,2767506.16,10025.02,740206,5.8916,115.872,1.1031038245277895
14824899,2750438.7,9848.76,718754,6.0134,116.085,0.6805741319190365
15674990,2787123.29,9950.85,704654,6.0511,116.329,1.1796085491727801
14951248,2754180.52,9951.49,720792,6.091600000000001,114.656,0.655125414444156
14808077,2715964.06,9735.63,711110,6.0872,115.364,1.0515610086274385
14846075,2751146.54,9744.09,738201,5.9543,114.968,3.555008044444824
14669281,2740185.29,10066.05,715983,5.8408,115.781,0.7736288841321373
15131335,2734886.99,10024.04,699515,6.050800000000001,117.439,1.0722228405556884
15303859,2755133.16,9974.83,721785,6.1642,115.575,1.3314498799164591
15114898,2752981.27,10111.6,731983,5.9288,114.511,0.7158799590567746
15019055,2761425.49,10205.84,723119,6.1608,116.159,0.661533007770888
14763973,2792281.72,10019.31,709181,5.886,115.018,1.0610792451773512
14637440,2754899.91,9931.13,691288,5.8105,115.009,0.9764628845620518
14523306,2747339.96,10065.97,733236,5.7803,115.391,0.8477429002192763
14863924,2755987.69,10117.51,722928,6.0645,116.653,1.1576391606440342
15225746,2755015.6,9592.21,744592,5.9555,115.853,0.6689467574018131
15120879,2742969.67,9890.18,704017,6.0053,115.852,2.324618530462487
14675306,2757753.5,10144.67,712563,6.0924,115.625,3.224298452338187
15691842,2758577.68,9843.85,716683,5.9065,114.281,0.575222717769237
15233241,2732530.57,10050.32,703016,6.1173,117.107,0.5376349925620658
14967078,2758411.59,9964.59,723562,5.7943999999999996,115.758,inf
14747426,2744529.1,10005.71,708818,6.1235,116.986,0.5363843760887996
15072160,2740054.47,9995.7,714813,5.9635,116.833,0.9053313486462051
14981051,2743036.09,10223.49,725252,6.166,114.457,0.6852487415667706
14780773,2707890.99,10017.15,706829,6.149100000000001,115.232,1.3423115919267268
14744806,2796304.27,10186.93,704209,6.0539,115.73,0.7454627794539596
14827697,2786195.21,10357.88,709625,6.0667,116.401,0.7665424887242384
14567835,2764229.64,10152.73,727454,6.237100000000001,115.193,1.1984543924730913
14787159,2743837.13,10174.75,695785,5.7787,115.592,0.7607563205954395
14862544,2739209.29,9948.66,706548,6.1263000000000005,115.796,0.7834183106766938
15485081,2751407.47,9888.23,741062,5.9283,115.239,1.3320421789730201
15283383,2779718.11,10117.48,705215,5.9818999999999996,114.791,0.8046510968927292
15301158,2750872.29,9650.87,720225,6.0084,115.574,3.1105825458354346
14942434,2720676.49,9996.07,718119,5.9995,116.92,0.7749222102841385
14865413,2735328.93,9770.41,701199,5.7493,115.954,4.171293323886904
14464076,2733077.42,9883.75,735024,6.1425,116.306,0.595851886934968
14803566,2749622.16,9824.63,711056,6.067,116.603,0.5624729885194713
14605938,2756184.55,10063.27,714345,6.0483,115.737,0.8347309538524385
15123232,2711407.92,10088.15,706554,5.961399999999999,116.856,2.114838150145707
14627548,2739437.58,9990.23,715668,6.0555,116.294,1.0004439665230125
15465230,2740284.28,9971.56,716716,5.903,116.615,0.6118018343480636
14982699,2769906.76,10228.82,733523,6.0478000000000005,115.644,0.7232310207564135
14576352,2737690.56,10117.41,736444,5.8549,115.497,0.8442050679625356
15189742,2749307.16,10224.88,730250,5.9225,114.962,3.0276510325661667
14754939,2769562.56,10034.85,717940,5.8852,114.146,0.6780754424709176
14753773,2703746.78,9855.26,701989,6.0616,116.074,1.122335281844614
14776035,2734434.1,9920.58,697755,5.9817,115.345,0.7866941933166454
14999996,2738887.74,9954.58,713681,6.0146999999999995,116.959,1.051558866748893
14736673,2751504.51,10125.48,708282,6.0072,116.51,0.9126918175583818
15015503,2746207.77,9851.91,728222,5.913399999999999,114.84,4.890648268927324
15199714,2718567.46,9921.88,718053,5.895899999999999,113.996,0.544157473118327
15196071,2740298.63,10064.96,711434,5.9851,117.534,0.9390035396271148
14904295,2725267.14,10041.53,716800,5.7787,116.0,0.5092992662716965
15216356,2756587.93,10079.94,724211,5.9216999999999995,115.601,1.286676071058051
15595761,2734058.75,10077.0,725511,5.9453000000000005,115.191,1.5305158266840602
15345503,2743636.44,10304.0,740104,5.9483999999999995,115.55,0.7099366540827167
15227574,2726503.52,10118.54,725315,6.046600000000001,115.486,0.9375897158259612
15185684,2736635.77,10401.74,715434,5.8114,115.891,0.4850925753849248
14421998,2748780.93,9782.39,731589,6.035399999999999,114.484,0.9162432569511
15258075,2780457.93,10385.78,720084,6.031899999999999,115.84,0.6058400208849678
14729449,2785406.22,9921.63,737214,5.9713,114.524,0.5998615630842261
14906783,2735826.18,10063.77,728868,6.1878,116.013,0.7300512418250409
15103674,2706280.37,10213.62,716337,5.9376999999999995,117.462,0.5357133163047098
14960993,2738642.28,10074.49,712854,6.0501000000000005,117.022,0.7334335456198792
15133856,2785600.52,10089.6,709698,6.1921,114.912,2.1839997247077774
15124453,2757558.17,9930.55,738453,5.8609,117.404,0.6876615978604967
14832996,2747874.2,10092.54,724006,6.2036999999999995,114.471,0.7025732817032316
15012896,2741513.55,9717.73,713772,5.9737,113.95,0.9298389832264436
14821264,2720218.05,10082.08,710279,5.965,115.831,inf
14681816,2762476.43,9687.26,713157,5.9444,115.595,0.8137237752767374
15472262,2741959.07,9976.61,725239,6.0582,118.386,0.7278893007384118
15360333,2724214.92,9943.07,714359,6.0549,116.597,1.0255903502240122
15443239,2750435.47,9844.6,711509,6.1265,116.155,0.588415009829118
15106931,2792855.68,10125.31,689515,5.905600000000001,116.263,0.6090413231829126
15044858,2735462.87,10214.09,704334,5.8627,114.681,0.6535524659550705
14567087,2764218.28,9682.56,716786,6.1055,115.555,0.7853959774258877
14910674,2764200.95,10217.6,717347,5.8917,115.727,0.5924317568579386
14928312,2744540.3,9851.11,717448,6.0697,116.173,0.5962590451234492
14820175,2759856.68,10003.7,683606,6.0068,116.589,0.969726308689314
15037244,2729455.48,10149.49,721151,5.9855,115.976,0.6692476138942577
14898923,2716599.32,10071.21,709593,5.980600000000001,116.044,1.9807788715047712
15113844,2812772.98,10152.42,717247,6.1066,116.821,1.2093830817360696
15215715,2793881.32,9816.09,721699,6.1486,116.09,0.5346704122715226
15454354,2751727.01,9812.73,709378,6.1376,115.262,0.7353163274745323
14675869,2739538.24,10103.97,740026,5.8831999999999995,115.962,0.6955700155681508
14932365,2765986.57,9950.54,705834,6.1449,116.554,1.0264780154012036
14943771,2743229.12,10006.63,714686,5.937,116.343,1.1510242867031177
14621929,2763333.7,10152.26,723356,5.9675,114.075,0.5889346959570504
15371320,2719093.64,10075.03,712394,6.093100000000001,115.466,0.7239402805287661
14684526,2721225.91,10253.6,713144,5.9156,114.992,1.160819280720906
15157917,2684843.3,10045.45,714764,5.9666999999999994,115.012,0.7484214526652405
14636775,2718300.05,9930.29,714890,5.9286,117.692,0.793616717739992
14862825,2799985.49,10162.13,711565,5.856199999999999,116.088,1.1280225587601156
15083462,2750115.01,10313.65,707834,5.91,116.297,0.6578049105897936
15024374,2748367.72,9888.58,721725,5.8462,116.397,1.106171965429237
14964862,2746500.53,9972.3,719312,5.8713,114.611,0.6082714963985657
14981712,2744650.87,9923.95,721788,5.978800000000001,115.321,1.5740546803423863
15184174,2761173.92,9852.82,707149,5.8217,115.689,0.6790901506718605
15378286,2756589.56,9991.05,721094,5.9996,115.599,0.968064884558811
14956687,2773758.05,9737.49,710678,6.0755,113.468,2.0390249403050498
14562129,2784907.91,10130.68,718511,5.7506,115.858,0.6702537077525984
14651930,2767670.01,10087.17,729699,6.0218,117.323,0.7162997415238203
15148780,2786210.24,9949.33,683788,6.1124,115.86,inf
15203683,2748885.13,10125.84,733355,5.964899999999999,117.005,0.8863038911868762
15130599,2738603.59,9823.81,737686,5.9533000000000005,115.441,0.6640322791249654
15069177,2719184.95,10047.76,723426,5.9849,116.941,1.0939543857938576
14642419,2778669.54,10055.06,711155,6.0828,115.876,0.6061665768451889
14994025,2763160.93,10222.78,705937,6.0838,117.53,0.8941872745008045
15523899,2769028.27,10011.66,714633,5.9713,115.907,3.3499571183924832
14817628,2744104.09,10212.71,727287,6.173100000000001,113.591,0.8640162935155541
15249700,2730174.98,9904.37,690208,5.9498999999999995,116.341,0.46665119253748294
14930279,2759209.78,9703.26,746418,6.1894,115.003,0.9840730315250267
14829083,2770460.88,9922.57,739072,5.8965,113.429,1.3896738964417834
15201484,2777214.25,10139.43,687853,5.9392,115.365,0.5751055418202263
15031150,2757171.08,10145.61,710856,5.9193999999999996,114.381,0.6056213935307627
15058541,2746793.39,9920.81,721994,6.0183,115.224,0.7349702394438009
14758378,2743323.45,9730.01,703749,5.984,116.396,1.2694754620738933
15078068,2762845.79,10083.94,707070,6.1798,116.087,2.540523298166754
14879346,2771829.6,10052.31,727438,6.1369,116.885,0.6364655373696585
15095428,2746483.54,9985.74,726521,5.9717,115.994,1.5126919554991933
14893148,2727720.95,10223.74,699156,5.989199999999999,116.104,0.5468242048259012
14884146,2761847.83,10022.96,720976,5.9898,116.86,0.7770821774176373
15292615,2755585.15,10081.08,703002,6.0963,113.769,0.6642889569854162
15115522,2724042.09,9974.85,719594,5.889600000000001,117.423,1.3075517223892892
15398065,2763508.09,10049.14,744715,5.9986999999999995,116.5,0.733923991892644
14846369,2754122.43,10032.79,718767,6.0573999999999995,116.756,0.6700551849265718
14880968,2768094.69,10180.55,705070,5.985,116.027,0.7631875330191279
14633651,2741298.65,10065.62,723553,6.0409,115.106,1.233416876100969
15496621,2744315.32,10322.39,714862,5.983,115.43,1.0638775317021618
15027657,2781135.03,9658.94,716226,6.0214,114.797,1.274132669086435
15006148,2760274.68,10166.45,731550,6.0037,115.879,2.941939584881232
15495593,2750226.44,9796.11,707877,5.9292,117.175,inf
14659449,2741000.49,10043.01,727204,6.021,116.138,1.4421391156213863
15116824,2753558.9,9739.62,733133,5.9441999999999995,114.832,0.7840160313889264
14588262,2728026.38,10184.21,728683,6.0396,116.62,1.2260724801763454
15159098,2749380.96,10237.87,699856,5.9825,117.015,0.6523317303132649
15428762,2746488.45,9888.13,694779,5.9633,116.137,0.45490309714414684
14776109,2739862.91,9639.16,713606,6.0705,114.571,0.5983887915045376
15137800,2740284.91,9519.89,728341,5.9698,116.01,1.529332808021349
14919638,2772424.38,10100.27,719084,5.9153,115.255,0.62770037796705
15252740,2759988.75,9880.86,716817,5.8421,115.651,0.9682670238574731
15243039,2754449.73,9748.96,728697,5.953,115.396,0.5937518107995786
15102089,2752761.96,9724.06,715764,6.1327,116.475,1.4278765279587855
14974227,2749139.71,10051.92,718257,5.8134,117.04,0.6041275445455865
15028702,2800896.34,9995.6,704491,6.0602,114.722,0.6945193106981585
14934759,2782485.14,10078.85,741771,5.9648,115.554,1.3348222788430644
15400310,2725158.33,10018.37,731656,6.0685,117.349,0.6989166387515628
14923984,2753309.22,9928.81,737002,5.9436,116.978,0.5886757063674878
15225966,2754190.02,10030.67,689329,6.1525,115.682,3.5778551122020708
14705780,2717353.36,9967.17,729393,5.9661,115.73,1.286912289312287
14786817,2737396.88,9912.26,727467,5.722,115.606,0.5894343521237037
15123756,2685793.01,9930.98,726879,5.9926,116.551,0.8202848053870861
15343476,2758699.66,9830.85,733944,5.7891,115.387,0.8218469988743768
15187247,2785158.02,10009.71,729571,5.9606,114.952,0.8840141252999381
14912724,2743489.61,10326.22,737127,5.9852,115.321,0.9810021669211794
14858434,2737176.15,10019.43,726251,6.0298,114.36,0.8536054042605993
15291184,2784078.76,9965.4,723709,6.0505,116.76,0.7123172539910624
14540228,2730008.16,10096.48,730816,5.9878,113.329,2.6048702656675986
14964373,2746535.36,10063.85,719703,5.6941999999999995,117.548,inf
14952630,2728743.06,9982.28,713974,5.897,114.417,0.7055375155176858
14757702,2703537.2,10050.75,708251,5.896,115.909,0.7076982772595195
14702651,2766268.4,10023.57,706896,5.958699999999999,115.709,1.2721827785457942
14681610,2761145.37,9991.42,715076,6.075,116.248,0.7411567518236231
14751450,2739012.31,9861.73,729059,5.865600000000001,117.263,0.8013814744343892
14722209,2766193.22,9966.4,754978,6.0347,116.992,0.9544437636770757
15124166,2717253.37,10059.95,740986,5.861800000000001,114.483,0.6110154121099496
15234166,2700494.49,9997.78,736765,5.8762,117.201,0.6893763918073617
14389790,2718167.94,10071.47,711097,5.961399999999999,117.025,0.5809989096550704
15074469,2769774.39,10162.31,740160,6.0511,115.066,2.5883636533980283
15350743,2761973.31,9964.3,728033,5.8984,114.776,0.7647299831915207
15546505,2733264.93,9799.97,694522,5.7975,115.285,0.7132574331463809
14672770,2732002.13,10230.46,709446,6.086,114.935,1.5104611753977064
15147237,2771097.92,9942.58,717982,6.2903,115.599,1.0546949912283292
15063040,2782169.03,9834.39,694641,6.076899999999999,115.134,0.743809790963791
14805112,2736608.93,10304.93,741398,6.067399999999999,117.029,0.6183361758877364
14670562,2754575.16,9880.81,709585,6.0618,116.008,2.265555913507043
14676757,2787601.47,10097.1,722243,6.039899999999999,116.282,0.78100325976405
14910705,2738422.99,10141.68,723479,5.9683,115.852,0.7550627984916777
15291243,2731207.77,9935.52,696263,5.7015,115.673,0.5610506078000606
14962421,2717810.66,9797.81,720918,6.1516,115.908,0.8865387597255172
15334774,2722968.84,9975.91,715212,6.1014,116.204,0.6338161370055913
14653909,2761108.61,9793.98,714259,5.896199999999999,116.297,inf
14933352,2765653.22,10323.87,706851,6.1953000000000005,115.015,0.6749981564535594
14284209,2777331.19,9738.24,708974,5.8854,115.906,0.7162493426599296
15312191,2787883.16,10328.13,721975,6.1413,115.049,0.5519370035606926
15345269,2731498.12,10086.22,715217,6.204899999999999,114.952,0.6881104227261879
15204590,2790997.67,10184.3,736192,6.0764,117.189,1.4586594794094976
15086555,2794284.94,10172.71,720468,5.990399999999999,115.398,0.8435045859991173
14954130,2748254.74,10003.41,706033,5.7863,116.663,0.779549137242906
14811819,2758274.22,9955.5,738804,5.968,116.458,0.6610557390253936
15202393,2710947.62,10076.31,715829,5.8566,115.505,0.4990397937611616
14936020,2776337.77,10153.69,710821,5.9148000000000005,115.67,1.2382780287365205
15153836,2713715.33,9936.02,711817,6.1875,115.319,1.1797287378602215
14985654,2730774.77,9977.94,708385,6.1719,118.108,2.0905677619308274
14668659,2739746.75,10246.84,719778,5.878100000000001,114.676,0.6822205691786805
14583042,2722661.19,9842.34,722042,5.9085,116.404,2.0469523405679713
15368675,2742970.89,10100.7,743807,6.0874,115.617,0.5287470222391834
14850562,2774378.95,9961.02,715697,6.0098,115.631,0.7707648655647408
14937357,2780678.03,10324.26,712973,6.1044,116.587,0.5172389589927932
15076605,2730902.31,10249.63,730861,5.8454,115.439,0.7162541713278048
15218130,2741200.17,10109.39,727604,5.8999,115.95,0.5340214265419393
15015547,2717328.66,9804.51,707822,5.908399999999999,115.125,0.957153384541645
14910605,2795923.04,10028.32,731755,6.085100000000001,114.452,1.1676135261066072
14926494,2731972.88,9812.16,710062,6.0533,116.857,0.6253540942092277
14742740,2701531.42,10163.69,745980,6.0412,116.23,0.8837649066452774
15252191,2712415.82,9939.68,700031,5.9141,116.521,0.747012138334915
14496873,2763754.45,10308.39,726590,6.0048,115.952,1.723902152063847
14532045,2746224.37,9507.46,737771,6.0762,115.103,0.6500251121183444
15358054,2728441.13,9800.2,717412,5.855899999999999,116.137,0.9581765833030119
14686365,2746897.28,9968.29,728390,6.136100000000001,114.332,0.6331222219387854
15204392,2724383.0,9915.95,748157,6.1248000000000005,115.453,1.0123214623686987
15129710,2780526.63,10148.84,716193,5.926,114.587,0.692711337410534
15254957,2720773.46,10107.4,742160,5.945399999999999,116.331,0.871802079012251
14851550,2826209.44,10303.96,722329,5.9361999999999995,115.806,0.6221876492423544
15182416,2735427.78,10061.2,691255,5.895899999999999,116.459,0.7177522298741651
14997183,2761638.28,9648.84,717794,6.1065,115.559,0.9327617636636362
14826634,2772330.25,9974.08,679595,6.0759,116.271,1.070034206608788
15219114,2748545.75,10305.4,712809,6.0608,114.515,0.790393470761371
15264803,2748583.17,10008.83,708910,6.0883,116.828,0.6611455339028111
15334977,2779683.87,9540.85,715560,5.9083000000000006,115.516,0.6819115394192271
14861612,2752756.87,9851.78,725086,5.7801,114.638,0.7437590863498573
15181827,2774433.69,10070.91,740610,5.9688,118.427,1.482496012978067
15310693,2744818.61,10212.19,707621,5.745100000000001,115.257,1.0070441031097472
15235974,2743598.03,10223.45,712038,6.1126000000000005,115.504,0.6926020483144267
15010626,2750617.89,9994.15,704048,6.1261,115.443,1.0493837681880331
14861714,2718336.95,9858.69,729022,5.881600000000001,114.362,1.6244001612844352
15114829,2780563.75,9735.43,691459,5.9858,115.591,1.1070911694465833
15144426,2739691.01,10027.16,720282,6.099600000000001,116.683,1.1507799918023882
14536818,2715898.05,10190.23,703350,6.0727,116.855,0.8153487586244984
14749505,2775864.5,9963.8,700297,5.8798,115.517,0.5789332056386631
15630229,2746002.45,10227.55,722947,6.0337,115.103,1.4193544482419285
14770964,2737202.68,10249.51,750035,5.8662,115.144,1.608226938485207
14713894,2731152.29,9904.16,713333,5.9943,115.697,0.5280371056037481
15386199,2738948.79,9890.65,728282,6.1386,116.685,0.5716431270208868
15408187,2765347.12,9948.23,711547,5.8739,115.091,0.9290046184352785
15167573,2744414.7,10110.68,739057,6.0986,116.448,0.5543916325942327
14458340,2719107.64,10264.1,727028,6.285100000000001,115.159,1.333900577805418
15014820,2757312.61,10229.61,729300,5.9033,114.714,0.6870108871519928
14943013,2746601.08,9874.87,739402,6.1188,116.774,0.680702937110365
14760374,2746309.3,9974.96,725778,5.906899999999999,116.732,0.747852006886115
15378310,2755964.48,10301.87,719308,6.002,115.904,1.3750255753675902
15010723,2726045.99,10040.37,729888,6.0149,115.497,0.7056932653127476
14620998,2757796.49,9977.66,693755,5.693,116.077,1.993418603435654
15517115,2781336.45,9979.27,713222,5.7875,115.632,0.9519983084264472
15083134,2732653.79,9869.42,708676,5.914,119.214,0.6080293905174355
14908020,2762040.8,10108.6,715033,5.9529,116.085,0.9999724692398675
15138201,2738966.1,10355.39,714254,5.9841999999999995,115.924,0.5437993254929343
15070513,2771353.08,10132.75,725757,6.024100000000001,115.326,1.3545826387618818
15414025,2735928.45,9501.58,714878,6.074199999999999,116.106,0.572946568388391
15055538,2753747.0,9838.82,704694,6.115,114.772,0.8390913688034504
14713520,2739451.24,9835.21,713119,5.9416,115.796,0.8694137558266787
15359767,2746653.82,9928.3,721330,6.0157,115.147,0.7340728764934603
14889122,2780605.61,9693.09,704949,5.8168,113.424,0.6059540645983245
15069868,2738521.08,10036.66,709374,5.852399999999999,115.396,0.697466019546415
15293486,2755552.51,9920.52,730954,6.1701999999999995,115.899,2.6743266860181287
15288947,2727886.59,9862.64,741816,5.8273,116.431,1.5840521805917667
14735376,2717614.85,10067.86,718331,6.04,117.319,0.8574487414567383
15203854,2761071.03,9771.02,716552,6.0794,116.284,0.5865516842446389
14683442,2771183.3,10054.17,738721,5.982600000000001,117.175,1.1215562543450461
15016931,2730209.85,10135.45,743769,6.0783000000000005,115.686,0.5365925427053883
15439185,2752789.79,9885.94,720060,5.988300000000001,118.091,1.017476809035348
15181663,2747459.88,10045.97,717381,6.1727,115.042,0.7155931030228703
15377814,2753828.26,9777.65,711642,6.0702,115.049,0.7109820445923815
14736641,2766020.67,10298.99,737314,6.111,114.677,0.7154074462452592
14648548,2764072.3,9952.54,712851,6.0397,117.498,2.6905623721542153
15180596,2752868.22,9690.48,711950,6.1396999999999995,115.825,inf
15147810,2738227.92,10154.35,731354,6.0766,117.605,0.7093533739050785
14812221,2744122.95,9751.87,715434,5.9615,116.355,0.8059029751801373
14557895,2736649.97,10112.0,718794,6.145,116.998,1.190942692923994
14596349,2777447.52,9969.78,709921,6.0326,114.674,0.8057879649498092
15125040,2768662.11,9975.73,726035,5.9988,114.754,0.9968787146751749
14558154,2783037.04,10037.9,724404,6.0054,115.872,0.7431056866523217
15149258,2725527.66,9751.69,731745,5.9488,115.148,0.7028026642892259
14821116,2737853.01,9906.21,698088,5.9875,115.391,4.704352945069603
14844842,2766903.08,10238.88,714785,6.0965,114.375,0.5266306895495331
14038138,2782042.88,9935.57,744546,5.9555,115.697,1.6017982343474826
15029327,2755809.52,10073.44,732305,5.9052,116.979,0.5438447283427605
14769058,2715188.49,10449.96,712291,6.0028999999999995,116.145,1.3339240760485442
15170901,2764695.41,9996.61,716759,6.0285,116.746,0.5480729895599228
15127703,2744763.28,10003.81,720474,5.8712,114.725,0.6925097933101845
15030171,2793774.12,9903.68,717486,5.7924,116.117,0.5846811434207239
15426755,2742791.63,10498.75,725314,6.0018,115.856,0.9372000151596669
15252378,2785234.31,10129.87,718677,6.2307,115.532,0.8322178174038652
14555500,2740273.39,9917.48,716669,5.9996,114.364,0.8400427293757577
15118958,2741752.61,10036.24,726225,6.2163,115.345,0.7129352957670272
14681362,2726559.68,9936.98,701382,6.0019,114.552,0.5593805778228838
15276358,2726062.76,10233.5,705699,5.9251000000000005,115.253,0.9735017242361369
15014473,2743723.27,10102.28,699587,6.1835,115.13,0.9337728766481628
14765572,2778411.1,10097.41,733939,6.046,116.347,0.6869929968962998
14989308,2748305.45,9982.12,724029,6.1165,113.58,0.5168107192345092
15201488,2782132.68,10086.03,716923,6.068,115.314,0.8033821708449835
14603220,2729155.24,10241.41,703748,5.992100000000001,116.49,1.1940331808876883
15168443,2743155.79,10085.71,721746,5.9032,115.138,0.5002017542378968
15331569,2776261.64,9974.73,713233,5.8167,115.013,0.6267810844261312
15213687,2730765.81,10013.39,727200,5.9896,117.261,0.7356441884455461
14736989,2712534.71,9962.93,719487,6.0316,117.516,1.5574241723443456
15140972,2732499.64,9796.17,701569,5.9079,117.424,3.1768752766899184
14907235,2725545.37,10040.31,730923,6.1033,116.105,1.328857118670911
15249967,2756997.96,9943.4,687630,5.9238,116.856,1.7882766981219158
14913825,2747478.33,9830.2,735380,6.0343,115.747,4.838727861635903
15421315,2741796.18,10528.97,705213,5.9487,115.388,1.1320681005803686
14536508,2760110.61,9915.32,712092,5.9927,116.318,0.8829554247174969
15366253,2757353.94,9715.77,718259,5.9201999999999995,116.023,0.6304561400087644
14887123,2716266.78,9969.17,702823,5.8384,116.95,1.088689357628368
14848825,2760678.62,9925.48,732794,5.9661,117.197,0.8551284042718941
14872655,2721447.13,9992.32,724198,5.9583,115.89,0.9439205336220158
15204098,2767796.03,10079.4,729773,6.1356,116.424,0.5909347537501645
15016127,2761058.29,10258.84,692100,5.9063,114.742,0.7116724503092382
14653312,2750942.23,9823.38,717741,6.1322,116.992,0.8134299768554275
14654981,2705537.13,9991.02,735025,5.9698,117.507,1.4657456150229595
15293931,2738471.71,9983.19,749031,5.9795,116.147,0.6494630672661489
15750058,2723583.21,9864.01,712565,5.951,114.935,0.48539217334754103
14779835,2766848.25,9769.76,715344,5.873,116.07,0.6454280050654165
15378813,2754741.67,9981.83,723814,5.996,116.175,0.47577322216879697
14923114,2711934.95,9926.02,714211,5.961,115.403,0.7312418572735758
14799869,2743585.69,9819.02,728414,5.9885,115.291,1.1430151116846896
14597143,2743168.47,10006.58,726716,6.0163,116.982,0.6602107297334289
15291574,2759719.16,10008.15,719220,6.118399999999999,115.118,0.6247711069434695
15314321,2771159.87,9859.07,722864,5.9095,114.527,0.7468261249446404
14993601,2749209.92,9936.51,716488,6.0252,116.406,0.6162723967853623
15139413,2761720.51,9737.92,720262,6.0786999999999995,115.43,0.5380904546478702
15223893,2739496.79,9741.64,738131,5.891,116.035,0.5729396676396485
15085029,2734066.9,9978.78,733048,6.1935,116.11,1.0151637429791454
14973369,2732910.55,9996.42,719152,5.9525,113.584,0.59015300440561
15631792,2719774.3,10124.05,746900,5.8935,116.66,0.8075582764675123
15093863,2751862.57,10054.11,724423,6.2747,116.561,2.1306140809303162
15032207,2750635.08,10155.09,708872,6.1793000000000005,115.092,1.2215722816680763
15280091,2747554.17,9866.74,706111,5.8263,116.309,0.6509198375580326
15009583,2714939.3,9763.15,721280,6.2201,116.71,0.6851306884439744
14776029,2804151.5,9922.01,705748,5.9375,114.951,0.8134252955700646
14977480,2750805.45,10114.07,694453,5.9829,116.151,0.9518860768556198
15134802,2757551.04,10032.98,718383,5.9017,115.422,0.7657920674612592
14496945,2743766.04,9708.72,723570,5.8194,116.936,2.401670059815391
15143509,2808506.27,9942.27,729930,5.992100000000001,115.168,0.6437818568272833
15145876,2752001.53,9802.27,715499,5.8711,116.29,0.8475219217641217
14720073,2783617.22,9968.11,741347,6.1541999999999994,114.664,0.693600900875517
14629370,2796380.96,10047.32,730001,6.034800000000001,116.376,1.076039073950337
14980892,2738811.7,9767.15,728780,5.9718,115.639,1.0615991603851862
14902765,2770380.14,10012.39,721301,5.9778,115.968,0.6778214066586624
14906172,2737960.22,10153.18,722995,5.8946000000000005,115.824,0.6356100377263532
15450214,2770762.0,10069.23,708996,6.102,115.291,0.7997642198526825
14836478,2763470.64,9712.07,708179,6.0368,115.898,0.5769178296365955
14516049,2760728.51,10208.18,731927,5.8305,115.961,0.6757350607270115
14828104,2796890.09,10052.37,732220,5.9369,115.428,0.6646251127710243
15025617,2756732.29,9860.31,728342,5.9017,115.477,0.7145299503168128
15377504,2736987.11,10158.37,726879,5.8934,116.353,0.5184209471688002
14996260,2771333.74,10117.11,720509,5.9777,115.393,1.1144831026081172
14815157,2760326.56,9949.06,714505,5.9685,115.866,0.7079919050223625
15217065,2766581.62,9966.97,733766,6.2566999999999995,115.424,0.8826582453102761
15081566,2799330.58,10058.56,709119,6.233899999999999,115.414,0.5373091078263104
14885837,2733365.58,9921.64,709929,6.0573999999999995,114.478,2.1293612720401685
14598693,2739400.71,10115.58,740135,6.0606,116.79,1.1204046535635717
14983475,2760095.77,9668.93,718608,6.0376,116.773,0.5862244902634156
14864053,2747529.4,10097.14,718097,6.0459,115.798,0.7375854502147029
14708072,2745483.24,9932.12,716689,5.9911,116.076,0.6955826250707485
14698785,2768393.25,9905.74,728732,6.0106,114.89,0.9318223991263785
15339999,2740665.06,9997.46,721872,5.9995,115.954,0.9367930874046078
14817510,2761899.79,10002.53,740616,6.0407,116.793,0.772470265220008
15174132,2744115.74,9804.0,708824,6.0579,115.725,0.7055813244605338
15101507,2746629.89,10035.15,746173,6.0103,114.979,2.5023139155156775
14208800,2719218.41,9655.31,710418,6.0653999999999995,115.703,0.701149176609361
15134776,2747636.85,10124.58,709220,5.882,115.691,0.5874147444278731
14933973,2717796.79,10488.12,703027,5.9212,114.683,0.5342771937321211
14867736,2742946.11,10113.45,706894,6.0062,115.301,0.8276126363087194
15391123,2749515.04,9875.45,708541,6.073600000000001,116.133,0.5058716488000059
14855357,2767093.39,9838.91,723838,5.9236,116.006,0.95259176840334
15282453,2747423.09,10180.57,729918,6.0835,115.096,0.5766677824995273
14865872,2732377.44,10005.76,715457,5.9358,116.099,1.3560209578250357
14835821,2723485.4,10106.59,714854,5.9428,117.098,1.010161868998118
15153728,2756040.18,10302.48,726337,6.1324,115.46,0.5006688862851448
15479093,2751388.45,9893.1,720960,6.1076999999999995,115.779,0.6621161969642393
15091062,2758560.0,10010.7,711870,6.041600000000001,117.507,1.0256683476800117
14912926,2716373.91,9888.35,728040,5.9338,115.346,1.229647022136882
14979585,2782269.35,10141.67,694216,6.017,116.677,0.9457040398138266
14685324,2761619.78,9865.87,701626,6.1757,117.507,1.0510583878087052
15022574,2722613.41,9915.42,717256,5.8751999999999995,116.418,0.8654831630658862
15313555,2718566.62,10256.04,697520,5.7595,117.211,0.7662272861701397
15251555,2745947.57,9750.57,712694,5.9737,114.381,0.9521400179928943
15406227,2728760.45,9887.52,703587,5.981199999999999,116.239,0.8869882100393659
14359754,2737364.96,10098.92,716863,5.9888,115.27,0.905803520335843
15047174,2736493.92,9891.49,688595,5.9453000000000005,116.912,0.6594447278259571
15408732,2767503.21,9995.99,719927,5.9546,116.325,0.5976610388399032
14584798,2746568.04,9808.93,728482,5.9079,116.638,0.741958152182273
15066269,2730067.94,9946.86,729502,5.9058,116.566,0.6931582381096831
15519559,2744894.44,10017.62,739127,6.061100000000001,115.889,0.6162588589385265
14993068,2731691.28,10188.39,717963,5.7744,114.941,0.796441140348632
14733567,2743853.08,9945.39,737520,6.0828999999999995,116.787,0.8960944336021938
14998675,2781288.83,10143.41,708779,5.848199999999999,117.036,0.9722971427304691
15140471,2756907.71,9903.39,732695,6.0803,116.849,0.5062514847513025
15406870,2766085.69,9740.18,735037,6.0748999999999995,115.367,1.3748142821307157
15183653,2754058.38,10275.17,736326,5.7736,115.491,0.7448422022415796
14671136,2749110.67,10097.3,730812,6.2508,115.079,0.8639960358595523
15290889,2756841.09,10014.96,692735,5.9247,114.98,inf
15300319,2734382.23,10138.78,697026,5.959899999999999,116.722,0.6925691694694305
15146079,2771282.31,9895.67,703288,5.9001,116.053,1.1254608513076843
14988371,2757521.46,10028.59,723790,5.9695,115.552,1.8298781442854866
14663524,2743507.92,9922.05,736811,5.974600000000001,117.04,0.9019627355552021
15031675,2731913.29,9891.95,741230,6.1937,116.23,0.6168844492190846
14793835,2732442.65,9779.1,715906,5.8271999999999995,115.612,0.6821469030752294
14952118,2721295.71,9996.68,729486,5.9686,116.189,0.6142481030139296
15027623,2724286.65,10186.51,722700,6.0329,115.986,1.4070227623956648
14940721,2714822.43,9722.95,727078,6.1737,114.783,0.7986515069517268
14844179,2736747.41,9997.94,724292,6.0379,115.009,0.5843372407153099
14776409,2709122.43,10006.05,721873,5.916399999999999,114.531,0.7574980071145816
15119339,2765998.57,10077.4,729938,5.9658,115.754,1.5636127798248707
15420600,2743843.76,9826.74,710649,5.8919,114.017,0.8998054746753336
15123443,2711895.0,9998.57,707050,5.9833,114.948,0.5500821168661177
14425931,2740416.17,10207.95,686824,5.9388000000000005,114.739,1.2140407719426496
14612517,2752478.41,10258.97,684155,5.949,116.683,0.5764578230879996
15480241,2781321.21,9721.88,740357,5.9528,113.919,0.6917007062704605
14569457,2744891.67,9911.14,707052,6.1383,116.115,0.7697143419631488
14836816,2758185.87,9981.91,738846,6.0091,116.35,0.5087269291316766
15033316,2729326.18,9972.47,725918,6.0468,116.034,0.5161981115467537
14938688,2757303.0,9980.62,712880,5.7242,115.425,0.8373724477955983
14764644,2723744.38,9793.34,700734,6.0504,116.115,1.2330604875780231
14758131,2753079.59,9940.07,725363,6.1275,117.018,0.6248365884946433
15323500,2749264.64,10038.99,719740,6.2027,116.847,0.7728684952921041
14989943,2746911.91,9867.92,713432,5.980899999999999,114.713,0.6004976939620494
14438947,2748323.09,10219.33,709927,6.026,117.15,1.044418664884279
14722079,2778002.91,10238.01,717337,6.0482,116.614,0.8536914009937044
15258469,2715668.85,9809.46,710499,5.8468,115.41,0.6314625287224248
14332609,2751588.63,10093.41,724901,5.8681,116.869,0.5872006633816638
14374358,2727660.44,10215.08,706970,6.0823,115.867,1.2723423054424554
15011619,2731314.38,9851.31,717097,5.997,114.922,0.9329816436322281
14698485,2758590.33,10133.21,718493,6.007,114.931,0.520472831915443
15085789,2725784.33,9824.74,700354,6.088100000000001,115.797,0.6533193424273523
15095462,2762634.08,9808.3,714276,6.0545,116.446,0.9662840188546321
15613338,2770720.76,10136.36,731965,5.920100000000001,116.604,0.5301557491975956
14931086,2714411.37,9708.64,729296,6.0728,115.733,0.617502998880689
15018494,2766449.23,9960.03,742203,6.025399999999999,115.299,0.6242763751361109
15115146,2715682.14,9931.49,716899,6.166300000000001,114.904,2.060326401949033
14763451,2741119.71,10033.69,719392,6.0326,116.69,0.8880139833094256
14915134,2745191.64,9811.92,738945,5.9116,116.153,0.5178347774584168
15047940,2753080.96,10143.22,723578,5.9338,116.478,inf
14918199,2736873.39,10183.0,721352,6.1259,117.228,0.7252846861340436
15242233,2737233.45,9966.69,722735,5.9193,116.76,0.8671017004095464
14827189,2741085.54,9478.99,746088,5.9097,116.059,1.5710119934052373
15160531,2770561.44,10335.79,714486,5.8895,114.753,0.8781121884419121
15239945,2810211.69,9830.99,716202,5.916,116.244,inf
14827862,2728032.95,9638.89,707031,6.0348999999999995,113.965,1.1064725083591156
15299165,2750745.17,10100.56,727765,6.2263,117.716,0.6879864403475405
14762784,2711649.32,10197.74,716118,6.05,115.728,0.7344874800389223
14632440,2735701.12,9891.83,713326,5.884399999999999,116.11,0.751508920446499
15101060,2760484.48,10501.0,723254,5.969,114.726,0.7395138586278219
14884526,2754549.02,10000.5,736332,5.8728,116.117,0.76498347974351
14928751,2779435.39,9948.36,719617,6.1042,116.022,0.8871900165681837
15015662,2783100.6,10224.92,742136,5.8671999999999995,114.043,1.1347340690608707
14863185,2767572.91,9905.99,700565,6.0105,114.852,1.2568349021004548
14807253,2788135.67,9887.84,726986,5.9493,117.758,1.4092082010080451
15354537,2758786.31,10177.8,711862,6.0798000000000005,115.771,0.5540154649570777
14948232,2763210.19,10241.49,703146,6.0988,115.682,0.5682792510151561
14888104,2764944.34,9490.95,704034,5.9944,115.125,0.8854928306145439
14949289,2737131.54,10046.57,714191,5.869,117.588,0.7898426728037921
15055798,2771381.41,10118.11,716972,5.7941,115.371,2.64230893970035
15170540,2733813.5,9940.7,730851,6.0733999999999995,116.545,1.0544081029189645
14995769,2754765.71,10081.55,730493,6.1402,115.533,0.7646961944111149
15027342,2736960.48,9788.03,722318,5.9561,115.874,1.7397765339910245
15137063,2735872.34,9924.26,731340,5.9555,115.554,2.928738992410202
14883861,2761847.08,10048.85,684648,5.9041999999999994,115.766,1.3921270545774256
14899319,2735477.29,10302.2,715759,6.0854,114.668,0.9783538290492563
15000938,2734353.64,9773.03,709416,6.0061,115.214,inf
15128093,2728104.49,9994.3,724657,6.0461,115.442,0.659786204045414
15074905,2737696.91,9854.67,713908,6.0643,115.928,1.2796247854394667
14797245,2784152.44,10024.08,728829,6.1166,116.105,inf
14698328,2761855.32,10003.12,738740,6.1052,115.628,1.3556599760221812
14642611,2757998.88,9954.08,732388,6.1101,115.662,0.7425735851385651
15107652,2784469.96,10171.15,731276,6.192,112.639,0.6148396923354873
14676270,2748719.16,9671.17,728179,5.7248,116.299,3.108516759098751
14503358,2767455.57,9930.27,714385,5.9918000000000005,116.7,0.6716089780648912
15264148,2763989.58,9835.97,713529,6.165,116.096,0.7475384209463274
14711280,2784245.6,10058.02,736286,5.8789,114.591,0.6662348049698377
15012027,2737672.16,10032.98,710549,6.1662,115.231,0.7623305012858668
14752219,2702286.82,9937.69,697037,6.0412,113.402,0.5603425721406479
14817450,2738294.18,10130.81,714063,6.0782,115.929,1.4383777940898006
14821496,2753743.51,10135.64,724584,5.9385,115.797,0.49201385966599764
14810631,2745876.15,10178.69,722112,6.1488000000000005,116.729,1.1589331211354745
15329491,2722758.1,10164.789999999999,727553,5.9635,116.25,0.7974940306540875
15266737,2789906.46,10247.64,722337,6.1721,115.115,1.4534510748333385
14634565,2757025.01,10133.38,717188,6.1191,117.599,1.304142941958469
15020543,2787121.41,10180.15,717193,6.0036000000000005,114.749,0.9711905737132221
15219995,2775743.81,10085.7,721134,5.9738999999999995,115.51,0.6563609716221965
14923598,2784356.91,10295.77,734566,6.1568000000000005,115.071,0.8647264743649166
15060883,2753763.11,10178.84,705893,6.1946,117.395,1.6942838940560958
14785251,2756237.19,9859.49,714500,5.9962,115.036,1.1671363116305644
15492502,2749958.38,9941.14,708434,5.97,115.963,0.5170890808779419
14979238,2757173.32,10176.78,718731,5.9684,116.553,1.1016363964961957
14974619,2788961.54,10040.82,726983,5.9335,115.733,1.1642718947719792
14863303,2784997.11,9861.82,699079,6.0228,115.535,0.8160511724593359
14416511,2764578.08,10203.13,733432,5.9814,114.497,1.2799743225707718
14964859,2766579.76,9937.58,722445,6.017,115.763,0.6387194520436504
14934691,2768723.74,9897.49,707782,6.0913,114.412,0.6167095554516818
14813073,2758995.39,9656.72,716961,6.0828,114.25,1.3485553806922324
14733723,2755362.23,10083.52,737011,5.9272,114.89,1.2152891412785807
15814888,2735716.62,10040.75,714633,5.7898000000000005,115.623,0.7233667865562269
14888688,2733276.2,10089.45,716761,6.0226999999999995,117.352,0.7830108127502227
14631987,2734693.54,9821.28,713358,5.927899999999999,116.871,1.1839834691133948
15343574,2749404.03,9962.18,731919,6.1887,115.441,0.5947754386275375
15312044,2751649.81,10261.54,722755,5.9127,116.363,0.5381360703698882
14748716,2768640.35,9828.13,745468,6.0106,116.877,0.6937867060691819
14904017,2785888.92,9902.04,720688,6.0251,116.028,0.6271154111731068
14902456,2728592.55,9594.05,715060,5.9365,115.472,0.7148492107694305
15303348,2755384.68,9780.06,736925,5.9238,115.209,0.8858191605409418
15180974,2710251.9,10109.05,723785,6.001,116.542,0.7892461921549484
14837964,2758185.18,9946.84,714439,6.147399999999999,117.601,0.6940208910576697
15110418,2789296.02,9995.84,720332,6.1726,115.472,1.0941222001567514
14754626,2745677.91,10137.8,715182,6.1305,116.966,1.2315782295539228
15180619,2746301.11,9777.6,719195,5.9182,117.509,0.9322398277046673
15462434,2755112.51,10231.48,742947,5.8692,116.638,1.1442052308003217
14858608,2774060.05,10227.16,732665,6.0258,115.254,inf
15385405,2741075.77,10002.52,720589,6.0777,116.411,0.7502490407269489
15197533,2747268.77,10299.86,706005,6.083,115.46,0.5157798815772298
14956504,2736675.58,9582.64,719627,5.913399999999999,115.555,0.8561542470281798
14886617,2733523.82,10160.88,704027,5.9974,115.879,0.960548828206512
15461902,2798101.77,10170.4,727625,6.161899999999999,114.043,0.6847885575959594
14564972,2791272.07,10179.01,717142,5.9612,116.221,0.8942090391354023
15264592,2801383.27,10166.92,740633,5.9979,114.885,0.6422455208438832
15456804,2756486.79,10051.46,713771,6.1708,116.351,1.2900316765225661
14730722,2768637.11,9894.29,734260,6.0331,115.694,1.3461459507338647
14773801,2740194.35,10081.68,719226,5.83,114.915,0.6914939920190781
15173967,2742336.33,9911.08,734553,5.9258999999999995,115.11,0.5039897953830393
14579751,2767894.35,10074.99,733266,5.940600000000001,115.74,4.665655541254762
14986320,2739168.52,10229.87,703360,5.9945,114.978,1.1189989183610092
15636134,2743455.09,9986.75,730290,5.8477,115.893,0.814920950314142
15217104,2765261.83,9826.12,727369,6.019399999999999,113.576,1.3050111481571904
15000591,2709647.6,10195.57,759538,5.984,116.723,0.6613848793328994
14971226,2738040.45,9709.27,725392,6.1004,115.574,0.5952074079124079
14815986,2776598.07,9906.79,739090,6.033,115.1,1.6106704014365418
14954148,2712325.73,9845.78,713354,6.1287,115.492,0.5639606480451159
15205220,2794296.51,10015.74,699039,6.0471,116.135,0.6383411136007924
15078552,2752682.93,9703.49,716840,6.085,117.228,0.6956080125525379
14623309,2726588.7,9828.48,732857,6.1949,114.921,1.7369152932354006
15063081,2723687.87,9788.35,719217,5.9626,116.013,0.7708306513226552
15186331,2756407.89,9804.83,703275,5.9575,117.712,inf
15134331,2749099.06,9760.09,709596,5.8919,115.659,0.6223710335365902
14896922,2724590.84,10386.09,721158,6.0281,116.58,0.756656499441495
14930995,2739164.88,9799.27,724259,5.6959,116.981,0.5998039939848308
15282727,2767038.37,9750.67,713473,6.1122,116.227,3.5431252737510373
14906142,2764622.34,10140.35,724076,6.0345,116.325,0.7811235362091032
15027358,2787094.71,9837.26,722252,6.169899999999999,116.578,inf
14739947,2761939.46,9909.9,721408,5.8253,115.213,inf
15017932,2734006.02,10014.07,717590,5.940600000000001,116.395,0.5451024812935386
15355073,2742228.53,10023.46,717162,5.966600000000001,116.733,1.2383184181680447
14744539,2753000.68,9777.68,726795,6.034800000000001,116.205,0.6454122406890633
15425857,2751589.11,9991.82,716546,6.0472,115.775,1.0231241489115575
15395666,2770178.18,10037.51,715652,6.0136,116.702,0.740118455502409
14703280,2760391.24,9811.06,714480,6.0524,118.396,0.6634940413748814
15014878,2742614.99,10274.46,721919,6.0751,115.753,1.7968987386122819
15406472,2753973.26,10172.49,733609,5.962899999999999,118.236,1.7579356781347575
14654853,2769659.99,9836.32,721491,5.9418999999999995,116.773,0.5639226477275872
14635682,2740017.74,9619.22,707112,6.1071,116.317,1.2690374011442307
14869990,2720096.76,10051.61,706179,6.059399999999999,115.691,0.907850954145412
14726742,2754849.89,9941.14,720586,6.0439,117.688,0.4646878612097096
15109898,2759586.84,10140.52,752510,6.0389,116.66,0.6542682979720198
14980222,2754442.4,9920.61,734282,6.0183,115.42,0.7965753705319929
14912279,2799145.23,10028.95,717474,6.008,115.68,1.2778359689255179
14852201,2765142.31,9988.42,714301,5.801,116.304,0.6537252904804676
14933110,2746877.67,9894.4,714826,5.9336,114.681,0.7343431001198952
15065016,2745363.82,10100.96,704647,6.0556,114.859,1.1559625865311154
14684013,2730093.11,9700.78,720903,5.820399999999999,116.994,0.9242206076588217
14763913,2781313.29,10077.12,699937,6.098199999999999,115.749,1.720465565938348
15264989,2729822.94,9874.19,724591,5.962,116.37,1.4969906881890231
14970886,2750642.04,9930.62,730563,6.022,117.323,0.7978103923740211
14416730,2722989.25,9938.7,716848,6.1037,115.567,0.7312348543183319
14910108,2805867.46,9964.78,716298,5.9136999999999995,115.159,0.6369068012869807
14712515,2746037.58,10039.82,717572,6.031,114.298,1.046262656012097
15115003,2796533.19,9942.25,713006,5.9665,116.103,4.259478673664379
14966492,2725295.27,10100.37,703449,6.199199999999999,114.182,0.5681367808671045
15998540,2740757.64,10088.7,713906,5.9942,116.232,0.9589305184872188
14602000,2739980.75,10080.99,723049,5.8934,116.952,1.3595196550415987
14983474,2783767.76,10040.71,723552,6.0646,117.005,1.091350042168396
14925095,2708216.08,10194.08,727920,6.08,115.379,0.8449913664896072
14950248,2718941.76,9929.48,733728,5.8527,115.586,1.0956523778695713
15099149,2740506.83,10207.87,720654,6.044899999999999,116.619,0.5896526136085314
15103562,2759140.91,10084.57,718548,5.9118,116.164,0.5054142973305454
15011541,2772858.53,10332.35,723391,6.0563,115.287,0.5765241340969293
15252765,2759313.89,9909.79,715325,6.1019,116.533,0.7303796035679854
15259749,2760117.58,9997.06,703400,5.988,117.456,0.6951662878381327
15235936,2800981.58,9997.15,712888,5.9094,114.031,0.7681005717380754
15060208,2757951.85,9825.99,715842,5.9561,116.419,0.8930074916901474
15424099,2728642.82,10077.58,730823,6.0428999999999995,115.786,0.6121246493081447
15130832,2720018.17,10023.88,715478,5.8872,115.082,0.643225055595922
14635888,2711330.31,9842.62,722720,6.114,116.035,0.9820303008521462
14643582,2753921.15,10055.41,697569,6.0724,115.435,0.9758201015873094
15398996,2733750.78,9647.94,718783,5.9005,115.475,0.7889468851329388
14851543,2744944.81,10327.28,713065,5.887899999999999,115.717,0.6193825660438751
14373507,2738077.03,9847.46,719136,6.2006000000000006,116.759,0.749557108126439
15482170,2787589.81,10037.91,713062,6.164899999999999,117.073,3.453204701122359
15482809,2749549.99,9958.23,725106,5.9463,113.883,0.5396225306245086
14983329,2707122.62,9780.99,717537,6.0619,116.363,0.8237037133844953
14574798,2755160.71,10081.56,730011,6.1952,117.076,1.125296179319009
15090177,2788217.89,10010.32,723330,5.9983,115.313,0.5647524468714732
15529829,2770948.85,10052.89,701369,5.9505,114.885,0.8075944375427865
14687021,2791508.16,9946.36,738725,5.961399999999999,114.786,0.8793056362124902
14793584,2734647.2,10039.06,720359,5.936100000000001,116.141,1.1957885186521522
14360030,2731516.98,10114.79,725145,6.0895,115.684,0.6299515333464335
14971734,2747083.76,10096.62,697281,5.8102,114.983,0.9583096802167236
15527225,2775294.68,10056.42,721803,6.0028999999999995,115.985,0.5808522508849309
14617253,2744788.3,10120.72,706105,6.057300000000001,115.381,0.564058518654706
14814342,2721048.41,9996.72,723469,5.9893,117.191,0.6564893733741517
15300837,2766769.59,10003.16,721899,6.0675,114.183,1.642057009181494
15255795,2736027.56,9859.49,692800,5.9266000000000005,116.005,0.48785296166497144
15164399,2748710.1,10250.89,711537,6.029,117.081,1.2201039397000473
14599024,2684298.44,10029.05,722743,6.1015,116.699,1.766387899287256
15403408,2759117.15,10075.4,710646,6.0545,115.045,0.6860715785828767
15180472,2742689.58,9845.0,741489,5.8449,114.538,1.6282115562580208
14632019,2745237.96,10133.83,722725,6.0613,116.484,1.3321999390711348
15041158,2755309.28,9894.06,709344,6.0041,114.188,1.6322894000703148
14725746,2765465.36,10044.08,712821,6.030600000000001,116.032,1.113796733074483
14996839,2752609.37,10016.34,735373,6.1001,115.735,0.6685936871453527
14928019,2737010.48,9905.92,718336,5.9955,116.996,0.6312067801175845
15211571,2767014.78,10044.4,723578,6.0934,116.665,0.7426896330933269
15422989,2761797.43,10085.8,741108,6.093,116.235,0.6114032492042583
15163279,2763573.16,10168.71,726268,5.9875,115.213,inf
14750206,2780479.02,9950.03,729664,6.1304,116.641,0.7077471606406117
15159697,2759767.23,9921.03,731349,5.8729,115.986,0.7400850892818537
14939257,2763961.89,9884.48,715671,5.752,115.026,0.8251805705312454
14382981,2766592.92,10059.58,711632,6.117100000000001,117.788,0.7786104830239223
14499647,2745886.0,9821.96,708088,6.0875,116.699,0.6676730859457842
